{
  "prompt_used": "original (long) CS prompt",
  "total_entries": 19983,
  "total_bad_lines": 0,
  "counts": {
    "0.0": 11254,
    "0.25": 7,
    "0.5": 6725,
    "0.75": 1989,
    "1.0": 8
  },
  "proportions": {
    "0.0": 0.563179,
    "0.25": 0.00035,
    "0.5": 0.336536,
    "0.75": 0.099535,
    "1.0": 0.0004
  },
  "percentages": {
    "0.0": 56.32,
    "0.25": 0.04,
    "0.5": 33.65,
    "0.75": 9.95,
    "1.0": 0.04
  }
}{"dataset_name": "musique", "prompt_used": "original (long) CS prompt", "total_entries": 9986, "total_bad_lines": 0, "counts": {"0.0": 5123, "0.25": 1784, "0.5": 2602, "0.75": 477}, "proportions": {"0.0": 0.513018, "0.25": 0.17865, "0.5": 0.260565, "0.75": 0.047767}, "percentages": {"0.0": 51.3, "0.25": 17.87, "0.5": 26.06, "0.75": 4.78}}
